,x,y,z
0,0.0,0.0,1.5277824304744325
1,0.0,0.25,1.5426039785251922
2,0.0,0.5,1.5806793246483193
3,0.0,0.75,1.6372445988098643
4,0.0,1.0,1.7120075081177508
5,0.0,1.25,1.8055258051238559
6,0.0,1.5,1.9224419556197891
7,0.0,1.75,2.083398949620684
8,0.0,2.0,2.992992992992993
9,0.0,2.25,6.996996996996998
10,0.0,2.5,6.996996996996998
11,0.0,2.75,6.996996996996998
12,0.0,3.0,6.996996996996998
13,0.0,3.25,8.998998998999
14,0.0,3.5,8.998998998999
15,0.0,3.75,8.998998998999
16,0.0,4.0,8.998998998999
17,0.0,4.25,9.000012286540514
18,0.0,4.5,9.00000028461648
19,0.0,4.75,9.000005293767808
20,0.0,5.0,9.000004562003834
21,0.0,5.25,9.000005293767808
22,0.0,5.5,9.00000028461648
23,0.0,5.75,9.000012286540514
24,0.0,6.0,8.998998998999
25,0.0,6.25,8.998998998999
26,0.0,6.5,8.998998998999
27,0.0,6.75,8.998998998999
28,0.0,7.0,8.998998998999
29,0.0,7.25,8.99999196833942
30,0.0,7.5,9.000009745417294
31,0.0,7.75,9.000005680810354
32,0.0,8.0,9.000001370050652
33,0.0,8.25,9.000003038137162
34,0.0,8.5,9.000004419213035
35,0.0,8.75,9.000001836402005
36,0.0,9.0,9.000004562003834
37,0.0,9.25,9.000004562003834
38,0.0,9.5,9.000004562003834
39,0.0,9.75,9.000004562003834
40,0.0,10.0,9.000004562003834
41,0.25,0.0,1.5426039785251922
42,0.25,0.25,1.5426039785251922
43,0.25,0.5,1.5806793246483193
44,0.25,0.75,1.6372445988098643
45,0.25,1.0,1.7120075081177508
46,0.25,1.25,1.8055258051238559
47,0.25,1.5,1.9224419556197891
48,0.25,1.75,2.083398949620684
49,0.25,2.0,2.992992992992993
50,0.25,2.25,6.996996996996998
51,0.25,2.5,6.996996996996998
52,0.25,2.75,6.996996996996998
53,0.25,3.0,6.996996996996998
54,0.25,3.25,8.998998998999
55,0.25,3.5,8.998998998999
56,0.25,3.75,8.998998998999
57,0.25,4.0,8.998998998999
58,0.25,4.25,9.000012286540514
59,0.25,4.5,9.00000028461648
60,0.25,4.75,9.000005293767808
61,0.25,5.0,9.000001836402005
62,0.25,5.25,9.000005293767808
63,0.25,5.5,9.00000028461648
64,0.25,5.75,9.000012286540514
65,0.25,6.0,8.998998998999
66,0.25,6.25,8.998998998999
67,0.25,6.5,8.998998998999
68,0.25,6.75,8.998998998999
69,0.25,7.0,8.998998998999
70,0.25,7.25,8.99999196833942
71,0.25,7.5,9.000009745417294
72,0.25,7.75,9.000005680810354
73,0.25,8.0,9.000001370050652
74,0.25,8.25,9.000003038137162
75,0.25,8.5,9.000004419213035
76,0.25,8.75,9.000001836402005
77,0.25,9.0,9.000001836402005
78,0.25,9.25,9.000001836402005
79,0.25,9.5,9.000001836402005
80,0.25,9.75,9.000001836402005
81,0.25,10.0,9.000001836402005
82,0.5,0.0,1.5806793246483193
83,0.5,0.25,1.5806793246483193
84,0.5,0.5,1.5806793246483193
85,0.5,0.75,1.6372445988098643
86,0.5,1.0,1.7120075081177508
87,0.5,1.25,1.8055258051238559
88,0.5,1.5,1.9224419556197891
89,0.5,1.75,2.083398949620684
90,0.5,2.0,2.992992992992993
91,0.5,2.25,6.996996996996998
92,0.5,2.5,6.996996996996998
93,0.5,2.75,6.996996996996998
94,0.5,3.0,6.996996996996998
95,0.5,3.25,8.998998998999
96,0.5,3.5,8.998998998999
97,0.5,3.75,8.998998998999
98,0.5,4.0,8.998998998999
99,0.5,4.25,9.000012286540514
100,0.5,4.5,9.00000028461648
101,0.5,4.75,9.000004419213035
102,0.5,5.0,9.000004419213035
103,0.5,5.25,9.000004419213035
104,0.5,5.5,9.00000028461648
105,0.5,5.75,9.000012286540514
106,0.5,6.0,8.998998998999
107,0.5,6.25,8.998998998999
108,0.5,6.5,8.998998998999
109,0.5,6.75,8.998998998999
110,0.5,7.0,8.998998998999
111,0.5,7.25,8.99999196833942
112,0.5,7.5,9.000009745417294
113,0.5,7.75,9.000005680810354
114,0.5,8.0,9.000001370050652
115,0.5,8.25,9.000003038137162
116,0.5,8.5,9.000004419213035
117,0.5,8.75,9.000004419213035
118,0.5,9.0,9.000004419213035
119,0.5,9.25,9.000004419213035
120,0.5,9.5,9.000004419213035
121,0.5,9.75,9.000004419213035
122,0.5,10.0,9.000004419213035
123,0.75,0.0,1.6372445988098643
124,0.75,0.25,1.6372445988098643
125,0.75,0.5,1.6372445988098643
126,0.75,0.75,1.6372445988098643
127,0.75,1.0,1.7120075081177508
128,0.75,1.25,1.8055258051238559
129,0.75,1.5,1.9224419556197891
130,0.75,1.75,2.083398949620684
131,0.75,2.0,2.992992992992993
132,0.75,2.25,6.996996996996998
133,0.75,2.5,6.996996996996998
134,0.75,2.75,6.996996996996998
135,0.75,3.0,6.996996996996998
136,0.75,3.25,8.998998998999
137,0.75,3.5,8.998998998999
138,0.75,3.75,8.998998998999
139,0.75,4.0,8.998998998999
140,0.75,4.25,9.000012286540514
141,0.75,4.5,9.00000028461648
142,0.75,4.75,9.000003038137162
143,0.75,5.0,9.000003038137162
144,0.75,5.25,9.000003038137162
145,0.75,5.5,9.00000028461648
146,0.75,5.75,9.000012286540514
147,0.75,6.0,8.998998998999
148,0.75,6.25,8.998998998999
149,0.75,6.5,8.998998998999
150,0.75,6.75,8.998998998999
151,0.75,7.0,8.998998998999
152,0.75,7.25,8.99999196833942
153,0.75,7.5,9.000009745417294
154,0.75,7.75,9.000005680810354
155,0.75,8.0,9.000001370050652
156,0.75,8.25,9.000003038137162
157,0.75,8.5,9.000003038137162
158,0.75,8.75,9.000003038137162
159,0.75,9.0,9.000003038137162
160,0.75,9.25,9.000003038137162
161,0.75,9.5,9.000003038137162
162,0.75,9.75,9.000003038137162
163,0.75,10.0,9.000003038137162
164,1.0,0.0,1.7120075081177508
165,1.0,0.25,1.7120075081177508
166,1.0,0.5,1.7120075081177508
167,1.0,0.75,1.7120075081177508
168,1.0,1.0,1.7120075081177508
169,1.0,1.25,1.8055258051238559
170,1.0,1.5,1.9224419556197891
171,1.0,1.75,2.083398949620684
172,1.0,2.0,2.992992992992993
173,1.0,2.25,6.996996996996998
174,1.0,2.5,6.996996996996998
175,1.0,2.75,6.996996996996998
176,1.0,3.0,6.996996996996998
177,1.0,3.25,8.998998998999
178,1.0,3.5,8.998998998999
179,1.0,3.75,8.998998998999
180,1.0,4.0,8.998998998999
181,1.0,4.25,9.000012286540514
182,1.0,4.5,9.000001370050652
183,1.0,4.75,9.000001370050652
184,1.0,5.0,9.000001370050652
185,1.0,5.25,9.000001370050652
186,1.0,5.5,9.000001370050652
187,1.0,5.75,9.000012286540514
188,1.0,6.0,8.998998998999
189,1.0,6.25,8.998998998999
190,1.0,6.5,8.998998998999
191,1.0,6.75,8.998998998999
192,1.0,7.0,8.998998998999
193,1.0,7.25,8.99999196833942
194,1.0,7.5,9.000009745417294
195,1.0,7.75,9.000005680810354
196,1.0,8.0,9.000001370050652
197,1.0,8.25,9.000001370050652
198,1.0,8.5,9.000001370050652
199,1.0,8.75,9.000001370050652
200,1.0,9.0,9.000001370050652
201,1.0,9.25,9.000001370050652
202,1.0,9.5,9.000001370050652
203,1.0,9.75,9.000001370050652
204,1.0,10.0,9.000001370050652
205,1.25,0.0,1.8055258051238559
206,1.25,0.25,1.8055258051238559
207,1.25,0.5,1.8055258051238559
208,1.25,0.75,1.8055258051238559
209,1.25,1.0,1.8055258051238559
210,1.25,1.25,1.8055258051238559
211,1.25,1.5,1.9224419556197891
212,1.25,1.75,2.083398949620684
213,1.25,2.0,2.992992992992993
214,1.25,2.25,6.996996996996998
215,1.25,2.5,6.996996996996998
216,1.25,2.75,6.996996996996998
217,1.25,3.0,6.996996996996998
218,1.25,3.25,8.998998998999
219,1.25,3.5,8.998998998999
220,1.25,3.75,8.998998998999
221,1.25,4.0,8.998998998999
222,1.25,4.25,9.000012218487871
223,1.25,4.5,9.00000573424566
224,1.25,4.75,9.00000573424566
225,1.25,5.0,9.00000573424566
226,1.25,5.25,9.00000573424566
227,1.25,5.5,9.00000573424566
228,1.25,5.75,9.000012218487871
229,1.25,6.0,8.998998998999
230,1.25,6.25,8.998998998999
231,1.25,6.5,8.998998998999
232,1.25,6.75,8.998998998999
233,1.25,7.0,8.998998998999
234,1.25,7.25,8.99999196833942
235,1.25,7.5,9.000009727755993
236,1.25,7.75,9.00000573424566
237,1.25,8.0,9.00000573424566
238,1.25,8.25,9.00000573424566
239,1.25,8.5,9.00000573424566
240,1.25,8.75,9.00000573424566
241,1.25,9.0,9.00000573424566
242,1.25,9.25,9.00000573424566
243,1.25,9.5,9.00000573424566
244,1.25,9.75,9.00000573424566
245,1.25,10.0,9.00000573424566
246,1.5,0.0,1.9224419556197891
247,1.5,0.25,1.9224419556197891
248,1.5,0.5,1.9224419556197891
249,1.5,0.75,1.9224419556197891
250,1.5,1.0,1.9224419556197891
251,1.5,1.25,1.9224419556197891
252,1.5,1.5,1.9224419556197891
253,1.5,1.75,2.083398949620684
254,1.5,2.0,2.992992992992993
255,1.5,2.25,6.996996996996998
256,1.5,2.5,6.996996996996998
257,1.5,2.75,6.996996996996998
258,1.5,3.0,6.996996996996998
259,1.5,3.25,8.998998998999
260,1.5,3.5,8.998998998999
261,1.5,3.75,8.998998998999
262,1.5,4.0,8.998998998999
263,1.5,4.25,9.00001166769552
264,1.5,4.5,9.00001166769552
265,1.5,4.75,9.00001166769552
266,1.5,5.0,9.00001166769552
267,1.5,5.25,9.00001166769552
268,1.5,5.5,9.00001166769552
269,1.5,5.75,9.00001166769552
270,1.5,6.0,8.998998998999
271,1.5,6.25,8.998998998999
272,1.5,6.5,8.998998998999
273,1.5,6.75,8.998998998999
274,1.5,7.0,8.998998998999
275,1.5,7.25,8.999992063047506
276,1.5,7.5,9.00001166769552
277,1.5,7.75,9.00001166769552
278,1.5,8.0,9.00001166769552
279,1.5,8.25,9.00001166769552
280,1.5,8.5,9.00001166769552
281,1.5,8.75,9.00001166769552
282,1.5,9.0,9.00001166769552
283,1.5,9.25,9.00001166769552
284,1.5,9.5,9.00001166769552
285,1.5,9.75,9.00001166769552
286,1.5,10.0,9.00001166769552
287,1.75,0.0,2.083398949620684
288,1.75,0.25,2.083398949620684
289,1.75,0.5,2.083398949620684
290,1.75,0.75,2.083398949620684
291,1.75,1.0,2.083398949620684
292,1.75,1.25,2.083398949620684
293,1.75,1.5,2.083398949620684
294,1.75,1.75,2.083398949620684
295,1.75,2.0,2.992992992992993
296,1.75,2.25,6.996996996996998
297,1.75,2.5,6.996996996996998
298,1.75,2.75,6.996996996996998
299,1.75,3.0,6.996996996996998
300,1.75,3.25,8.998998998999
301,1.75,3.5,8.998998998999
302,1.75,3.75,8.998998998999
303,1.75,4.0,8.998998998999
304,1.75,4.25,8.999991222604852
305,1.75,4.5,8.999991222604852
306,1.75,4.75,8.999991222604852
307,1.75,5.0,8.999991222604852
308,1.75,5.25,8.999991222604852
309,1.75,5.5,8.999991222604852
310,1.75,5.75,8.999991222604852
311,1.75,6.0,8.998998998999
312,1.75,6.25,8.998998998999
313,1.75,6.5,8.998998998999
314,1.75,6.75,8.998998998999
315,1.75,7.0,8.998998998999
316,1.75,7.25,8.999991222604852
317,1.75,7.5,8.999991222604852
318,1.75,7.75,8.999991222604852
319,1.75,8.0,8.999991222604852
320,1.75,8.25,8.999991222604852
321,1.75,8.5,8.999991222604852
322,1.75,8.75,8.999991222604852
323,1.75,9.0,8.999991222604852
324,1.75,9.25,8.999991222604852
325,1.75,9.5,8.999991222604852
326,1.75,9.75,8.999991222604852
327,1.75,10.0,8.999991222604852
328,2.0,0.0,2.992992992992993
329,2.0,0.25,2.992992992992993
330,2.0,0.5,2.992992992992993
331,2.0,0.75,2.992992992992993
332,2.0,1.0,2.992992992992993
333,2.0,1.25,2.992992992992993
334,2.0,1.5,2.992992992992993
335,2.0,1.75,2.992992992992993
336,2.0,2.0,2.992992992992993
337,2.0,2.25,6.996996996996998
338,2.0,2.5,6.996996996996998
339,2.0,2.75,6.996996996996998
340,2.0,3.0,6.996996996996998
341,2.0,3.25,8.998998998999
342,2.0,3.5,8.998998998999
343,2.0,3.75,8.998998998999
344,2.0,4.0,8.998998998999
345,2.0,4.25,8.998998998999
346,2.0,4.5,8.998998998999
347,2.0,4.75,8.998998998999
348,2.0,5.0,8.998998998999
349,2.0,5.25,8.998998998999
350,2.0,5.5,8.998998998999
351,2.0,5.75,8.998998998999
352,2.0,6.0,8.998998998999
353,2.0,6.25,8.998998998999
354,2.0,6.5,8.998998998999
355,2.0,6.75,8.998998998999
356,2.0,7.0,8.998998998999
357,2.0,7.25,8.998998998999
358,2.0,7.5,8.998998998999
359,2.0,7.75,8.998998998999
360,2.0,8.0,8.998998998999
361,2.0,8.25,8.998998998999
362,2.0,8.5,8.998998998999
363,2.0,8.75,8.998998998999
364,2.0,9.0,8.998998998999
365,2.0,9.25,8.998998998999
366,2.0,9.5,8.998998998999
367,2.0,9.75,8.998998998999
368,2.0,10.0,8.998998998999
369,2.25,0.0,6.996996996996998
370,2.25,0.25,6.996996996996998
371,2.25,0.5,6.996996996996998
372,2.25,0.75,6.996996996996998
373,2.25,1.0,6.996996996996998
374,2.25,1.25,6.996996996996998
375,2.25,1.5,6.996996996996998
376,2.25,1.75,6.996996996996998
377,2.25,2.0,6.996996996996998
378,2.25,2.25,6.996996996996998
379,2.25,2.5,6.996996996996998
380,2.25,2.75,6.996996996996998
381,2.25,3.0,6.996996996996998
382,2.25,3.25,8.998998998999
383,2.25,3.5,8.998998998999
384,2.25,3.75,8.998998998999
385,2.25,4.0,8.998998998999
386,2.25,4.25,8.998998998999
387,2.25,4.5,8.998998998999
388,2.25,4.75,8.998998998999
389,2.25,5.0,8.998998998999
390,2.25,5.25,8.998998998999
391,2.25,5.5,8.998998998999
392,2.25,5.75,8.998998998999
393,2.25,6.0,8.998998998999
394,2.25,6.25,8.998998998999
395,2.25,6.5,8.998998998999
396,2.25,6.75,8.998998998999
397,2.25,7.0,8.998998998999
398,2.25,7.25,8.998998998999
399,2.25,7.5,8.998998998999
400,2.25,7.75,8.998998998999
401,2.25,8.0,8.998998998999
402,2.25,8.25,8.998998998999
403,2.25,8.5,8.998998998999
404,2.25,8.75,8.998998998999
405,2.25,9.0,8.998998998999
406,2.25,9.25,8.998998998999
407,2.25,9.5,8.998998998999
408,2.25,9.75,8.998998998999
409,2.25,10.0,8.998998998999
410,2.5,0.0,6.996996996996998
411,2.5,0.25,6.996996996996998
412,2.5,0.5,6.996996996996998
413,2.5,0.75,6.996996996996998
414,2.5,1.0,6.996996996996998
415,2.5,1.25,6.996996996996998
416,2.5,1.5,6.996996996996998
417,2.5,1.75,6.996996996996998
418,2.5,2.0,6.996996996996998
419,2.5,2.25,6.996996996996998
420,2.5,2.5,6.996996996996998
421,2.5,2.75,6.996996996996998
422,2.5,3.0,6.996996996996998
423,2.5,3.25,8.998998998999
424,2.5,3.5,8.998998998999
425,2.5,3.75,8.998998998999
426,2.5,4.0,8.998998998999
427,2.5,4.25,8.998998998999
428,2.5,4.5,8.998998998999
429,2.5,4.75,8.998998998999
430,2.5,5.0,8.998998998999
431,2.5,5.25,8.998998998999
432,2.5,5.5,8.998998998999
433,2.5,5.75,8.998998998999
434,2.5,6.0,8.998998998999
435,2.5,6.25,8.998998998999
436,2.5,6.5,8.998998998999
437,2.5,6.75,8.998998998999
438,2.5,7.0,8.998998998999
439,2.5,7.25,8.998998998999
440,2.5,7.5,8.998998998999
441,2.5,7.75,8.998998998999
442,2.5,8.0,8.998998998999
443,2.5,8.25,8.998998998999
444,2.5,8.5,8.998998998999
445,2.5,8.75,8.998998998999
446,2.5,9.0,8.998998998999
447,2.5,9.25,8.998998998999
448,2.5,9.5,8.998998998999
449,2.5,9.75,8.998998998999
450,2.5,10.0,8.998998998999
451,2.75,0.0,6.996996996996998
452,2.75,0.25,6.996996996996998
453,2.75,0.5,6.996996996996998
454,2.75,0.75,6.996996996996998
455,2.75,1.0,6.996996996996998
456,2.75,1.25,6.996996996996998
457,2.75,1.5,6.996996996996998
458,2.75,1.75,6.996996996996998
459,2.75,2.0,6.996996996996998
460,2.75,2.25,6.996996996996998
461,2.75,2.5,6.996996996996998
462,2.75,2.75,6.996996996996998
463,2.75,3.0,6.996996996996998
464,2.75,3.25,8.998998998999
465,2.75,3.5,8.998998998999
466,2.75,3.75,8.998998998999
467,2.75,4.0,8.998998998999
468,2.75,4.25,8.998998998999
469,2.75,4.5,8.998998998999
470,2.75,4.75,8.998998998999
471,2.75,5.0,8.998998998999
472,2.75,5.25,8.998998998999
473,2.75,5.5,8.998998998999
474,2.75,5.75,8.998998998999
475,2.75,6.0,8.998998998999
476,2.75,6.25,8.998998998999
477,2.75,6.5,8.998998998999
478,2.75,6.75,8.998998998999
479,2.75,7.0,8.998998998999
480,2.75,7.25,8.998998998999
481,2.75,7.5,8.998998998999
482,2.75,7.75,8.998998998999
483,2.75,8.0,8.998998998999
484,2.75,8.25,8.998998998999
485,2.75,8.5,8.998998998999
486,2.75,8.75,8.998998998999
487,2.75,9.0,8.998998998999
488,2.75,9.25,8.998998998999
489,2.75,9.5,8.998998998999
490,2.75,9.75,8.998998998999
491,2.75,10.0,8.998998998999
492,3.0,0.0,6.996996996996998
493,3.0,0.25,6.996996996996998
494,3.0,0.5,6.996996996996998
495,3.0,0.75,6.996996996996998
496,3.0,1.0,6.996996996996998
497,3.0,1.25,6.996996996996998
498,3.0,1.5,6.996996996996998
499,3.0,1.75,6.996996996996998
500,3.0,2.0,6.996996996996998
501,3.0,2.25,6.996996996996998
502,3.0,2.5,6.996996996996998
503,3.0,2.75,6.996996996996998
504,3.0,3.0,6.996996996996998
505,3.0,3.25,8.998998998999
506,3.0,3.5,8.998998998999
507,3.0,3.75,8.998998998999
508,3.0,4.0,8.998998998999
509,3.0,4.25,8.998998998999
510,3.0,4.5,8.998998998999
511,3.0,4.75,8.998998998999
512,3.0,5.0,8.998998998999
513,3.0,5.25,8.998998998999
514,3.0,5.5,8.998998998999
515,3.0,5.75,8.998998998999
516,3.0,6.0,8.998998998999
517,3.0,6.25,8.998998998999
518,3.0,6.5,8.998998998999
519,3.0,6.75,8.998998998999
520,3.0,7.0,8.998998998999
521,3.0,7.25,8.998998998999
522,3.0,7.5,8.998998998999
523,3.0,7.75,8.998998998999
524,3.0,8.0,8.998998998999
525,3.0,8.25,8.998998998999
526,3.0,8.5,8.998998998999
527,3.0,8.75,8.998998998999
528,3.0,9.0,8.998998998999
529,3.0,9.25,8.998998998999
530,3.0,9.5,8.998998998999
531,3.0,9.75,8.998998998999
532,3.0,10.0,8.998998998999
533,3.25,0.0,8.998998998999
534,3.25,0.25,8.998998998999
535,3.25,0.5,8.998998998999
536,3.25,0.75,8.998998998999
537,3.25,1.0,8.998998998999
538,3.25,1.25,8.998998998999
539,3.25,1.5,8.998998998999
540,3.25,1.75,8.998998998999
541,3.25,2.0,8.998998998999
542,3.25,2.25,8.998998998999
543,3.25,2.5,8.998998998999
544,3.25,2.75,8.998998998999
545,3.25,3.0,8.998998998999
546,3.25,3.25,8.998998998999
547,3.25,3.5,8.998998998999
548,3.25,3.75,8.998998998999
549,3.25,4.0,8.998998998999
550,3.25,4.25,8.998998998999
551,3.25,4.5,8.998998998999
552,3.25,4.75,8.998998998999
553,3.25,5.0,8.998998998999
554,3.25,5.25,8.998998998999
555,3.25,5.5,8.998998998999
556,3.25,5.75,8.998998998999
557,3.25,6.0,8.998998998999
558,3.25,6.25,8.998998998999
559,3.25,6.5,8.998998998999
560,3.25,6.75,8.998998998999
561,3.25,7.0,8.998998998999
562,3.25,7.25,8.998998998999
563,3.25,7.5,8.998998998999
564,3.25,7.75,8.998998998999
565,3.25,8.0,8.998998998999
566,3.25,8.25,8.998998998999
567,3.25,8.5,8.998998998999
568,3.25,8.75,8.998998998999
569,3.25,9.0,8.998998998999
570,3.25,9.25,8.998998998999
571,3.25,9.5,8.998998998999
572,3.25,9.75,8.998998998999
573,3.25,10.0,8.998998998999
574,3.5,0.0,8.998998998999
575,3.5,0.25,8.998998998999
576,3.5,0.5,8.998998998999
577,3.5,0.75,8.998998998999
578,3.5,1.0,8.998998998999
579,3.5,1.25,8.998998998999
580,3.5,1.5,8.998998998999
581,3.5,1.75,8.998998998999
582,3.5,2.0,8.998998998999
583,3.5,2.25,8.998998998999
584,3.5,2.5,8.998998998999
585,3.5,2.75,8.998998998999
586,3.5,3.0,8.998998998999
587,3.5,3.25,8.998998998999
588,3.5,3.5,8.998998998999
589,3.5,3.75,8.998998998999
590,3.5,4.0,8.998998998999
591,3.5,4.25,8.998998998999
592,3.5,4.5,8.998998998999
593,3.5,4.75,8.998998998999
594,3.5,5.0,8.998998998999
595,3.5,5.25,8.998998998999
596,3.5,5.5,8.998998998999
597,3.5,5.75,8.998998998999
598,3.5,6.0,8.998998998999
599,3.5,6.25,8.998998998999
600,3.5,6.5,8.998998998999
601,3.5,6.75,8.998998998999
602,3.5,7.0,8.998998998999
603,3.5,7.25,8.998998998999
604,3.5,7.5,8.998998998999
605,3.5,7.75,8.998998998999
606,3.5,8.0,8.998998998999
607,3.5,8.25,8.998998998999
608,3.5,8.5,8.998998998999
609,3.5,8.75,8.998998998999
610,3.5,9.0,8.998998998999
611,3.5,9.25,8.998998998999
612,3.5,9.5,8.998998998999
613,3.5,9.75,8.998998998999
614,3.5,10.0,8.998998998999
615,3.75,0.0,8.998998998999
616,3.75,0.25,8.998998998999
617,3.75,0.5,8.998998998999
618,3.75,0.75,8.998998998999
619,3.75,1.0,8.998998998999
620,3.75,1.25,8.998998998999
621,3.75,1.5,8.998998998999
622,3.75,1.75,8.998998998999
623,3.75,2.0,8.998998998999
624,3.75,2.25,8.998998998999
625,3.75,2.5,8.998998998999
626,3.75,2.75,8.998998998999
627,3.75,3.0,8.998998998999
628,3.75,3.25,8.998998998999
629,3.75,3.5,8.998998998999
630,3.75,3.75,8.998998998999
631,3.75,4.0,8.998998998999
632,3.75,4.25,8.998998998999
633,3.75,4.5,8.998998998999
634,3.75,4.75,8.998998998999
635,3.75,5.0,8.998998998999
636,3.75,5.25,8.998998998999
637,3.75,5.5,8.998998998999
638,3.75,5.75,8.998998998999
639,3.75,6.0,8.998998998999
640,3.75,6.25,8.998998998999
641,3.75,6.5,8.998998998999
642,3.75,6.75,8.998998998999
643,3.75,7.0,8.998998998999
644,3.75,7.25,8.998998998999
645,3.75,7.5,8.998998998999
646,3.75,7.75,8.998998998999
647,3.75,8.0,8.998998998999
648,3.75,8.25,8.998998998999
649,3.75,8.5,8.998998998999
650,3.75,8.75,8.998998998999
651,3.75,9.0,8.998998998999
652,3.75,9.25,8.998998998999
653,3.75,9.5,8.998998998999
654,3.75,9.75,8.998998998999
655,3.75,10.0,8.998998998999
656,4.0,0.0,8.998998998999
657,4.0,0.25,8.998998998999
658,4.0,0.5,8.998998998999
659,4.0,0.75,8.998998998999
660,4.0,1.0,8.998998998999
661,4.0,1.25,8.998998998999
662,4.0,1.5,8.998998998999
663,4.0,1.75,8.998998998999
664,4.0,2.0,8.998998998999
665,4.0,2.25,8.998998998999
666,4.0,2.5,8.998998998999
667,4.0,2.75,8.998998998999
668,4.0,3.0,8.998998998999
669,4.0,3.25,8.998998998999
670,4.0,3.5,8.998998998999
671,4.0,3.75,8.998998998999
672,4.0,4.0,8.998998998999
673,4.0,4.25,8.998998998999
674,4.0,4.5,8.998998998999
675,4.0,4.75,8.998998998999
676,4.0,5.0,8.998998998999
677,4.0,5.25,8.998998998999
678,4.0,5.5,8.998998998999
679,4.0,5.75,8.998998998999
680,4.0,6.0,8.998998998999
681,4.0,6.25,8.998998998999
682,4.0,6.5,8.998998998999
683,4.0,6.75,8.998998998999
684,4.0,7.0,8.998998998999
685,4.0,7.25,8.998998998999
686,4.0,7.5,8.998998998999
687,4.0,7.75,8.998998998999
688,4.0,8.0,8.998998998999
689,4.0,8.25,8.998998998999
690,4.0,8.5,8.998998998999
691,4.0,8.75,8.998998998999
692,4.0,9.0,8.998998998999
693,4.0,9.25,8.998998998999
694,4.0,9.5,8.998998998999
695,4.0,9.75,8.998998998999
696,4.0,10.0,8.998998998999
697,4.25,0.0,8.999994883258552
698,4.25,0.25,8.999994883258552
699,4.25,0.5,8.999994883258552
700,4.25,0.75,8.999994883258552
701,4.25,1.0,8.999994883258552
702,4.25,1.25,8.999994883258552
703,4.25,1.5,8.999995919490086
704,4.25,1.75,8.999991222604852
705,4.25,2.0,8.998998998999
706,4.25,2.25,8.998998998999
707,4.25,2.5,8.998998998999
708,4.25,2.75,8.998998998999
709,4.25,3.0,8.998998998999
710,4.25,3.25,8.998998998999
711,4.25,3.5,8.998998998999
712,4.25,3.75,8.998998998999
713,4.25,4.0,8.998998998999
714,4.25,4.25,8.999994883258552
715,4.25,4.5,8.999994883258552
716,4.25,4.75,8.999994883258552
717,4.25,5.0,8.999994883258552
718,4.25,5.25,8.999994883258552
719,4.25,5.5,8.999994883258552
720,4.25,5.75,8.999994883258552
721,4.25,6.0,8.998998998999
722,4.25,6.25,8.998998998999
723,4.25,6.5,8.998998998999
724,4.25,6.75,8.998998998999
725,4.25,7.0,8.998998998999
726,4.25,7.25,8.99999196833942
727,4.25,7.5,8.999994883258552
728,4.25,7.75,8.999994883258552
729,4.25,8.0,8.999994883258552
730,4.25,8.25,8.999994883258552
731,4.25,8.5,8.999994883258552
732,4.25,8.75,8.999994883258552
733,4.25,9.0,8.999994883258552
734,4.25,9.25,8.999994883258552
735,4.25,9.5,8.999994883258552
736,4.25,9.75,8.999994883258552
737,4.25,10.0,8.999994883258552
738,4.5,0.0,9.000003308757204
739,4.5,0.25,9.000003308757204
740,4.5,0.5,9.000003308757204
741,4.5,0.75,9.000003308757204
742,4.5,1.0,9.000003308757204
743,4.5,1.25,9.00000573424566
744,4.5,1.5,9.00001166769552
745,4.5,1.75,8.999991222604852
746,4.5,2.0,8.998998998999
747,4.5,2.25,8.998998998999
748,4.5,2.5,8.998998998999
749,4.5,2.75,8.998998998999
750,4.5,3.0,8.998998998999
751,4.5,3.25,8.998998998999
752,4.5,3.5,8.998998998999
753,4.5,3.75,8.998998998999
754,4.5,4.0,8.998998998999
755,4.5,4.25,9.000012286540514
756,4.5,4.5,9.000003308757204
757,4.5,4.75,9.000003308757204
758,4.5,5.0,9.000003308757204
759,4.5,5.25,9.000003308757204
760,4.5,5.5,9.000003308757204
761,4.5,5.75,9.000012286540514
762,4.5,6.0,8.998998998999
763,4.5,6.25,8.998998998999
764,4.5,6.5,8.998998998999
765,4.5,6.75,8.998998998999
766,4.5,7.0,8.998998998999
767,4.5,7.25,8.99999196833942
768,4.5,7.5,9.000009745417294
769,4.5,7.75,9.000005680810354
770,4.5,8.0,9.000003308757204
771,4.5,8.25,9.000003308757204
772,4.5,8.5,9.000003308757204
773,4.5,8.75,9.000003308757204
774,4.5,9.0,9.000003308757204
775,4.5,9.25,9.000003308757204
776,4.5,9.5,9.000003308757204
777,4.5,9.75,9.000003308757204
778,4.5,10.0,9.000003308757204
779,4.75,0.0,9.000000806915924
780,4.75,0.25,9.000000806915924
781,4.75,0.5,9.000000806915924
782,4.75,0.75,9.000003038137162
783,4.75,1.0,9.000001370050652
784,4.75,1.25,9.00000573424566
785,4.75,1.5,9.00001166769552
786,4.75,1.75,8.999991222604852
787,4.75,2.0,8.998998998999
788,4.75,2.25,8.998998998999
789,4.75,2.5,8.998998998999
790,4.75,2.75,8.998998998999
791,4.75,3.0,8.998998998999
792,4.75,3.25,8.998998998999
793,4.75,3.5,8.998998998999
794,4.75,3.75,8.998998998999
795,4.75,4.0,8.998998998999
796,4.75,4.25,9.000012286540514
797,4.75,4.5,9.00000028461648
798,4.75,4.75,9.000000806915924
799,4.75,5.0,9.000000806915924
800,4.75,5.25,9.000000806915924
801,4.75,5.5,9.00000028461648
802,4.75,5.75,9.000012286540514
803,4.75,6.0,8.998998998999
804,4.75,6.25,8.998998998999
805,4.75,6.5,8.998998998999
806,4.75,6.75,8.998998998999
807,4.75,7.0,8.998998998999
808,4.75,7.25,8.99999196833942
809,4.75,7.5,9.000009745417294
810,4.75,7.75,9.000005680810354
811,4.75,8.0,9.000001370050652
812,4.75,8.25,9.000003038137162
813,4.75,8.5,9.000000806915924
814,4.75,8.75,9.000000806915924
815,4.75,9.0,9.000000806915924
816,4.75,9.25,9.000000806915924
817,4.75,9.5,9.000000806915924
818,4.75,9.75,9.000000806915924
819,4.75,10.0,9.000000806915924
820,5.0,0.0,9.000002194763965
821,5.0,0.25,9.000001836402005
822,5.0,0.5,9.000004419213035
823,5.0,0.75,9.000003038137162
824,5.0,1.0,9.000001370050652
825,5.0,1.25,9.00000573424566
826,5.0,1.5,9.00001166769552
827,5.0,1.75,8.999991222604852
828,5.0,2.0,8.998998998999
829,5.0,2.25,8.998998998999
830,5.0,2.5,8.998998998999
831,5.0,2.75,8.998998998999
832,5.0,3.0,8.998998998999
833,5.0,3.25,8.998998998999
834,5.0,3.5,8.998998998999
835,5.0,3.75,8.998998998999
836,5.0,4.0,8.998998998999
837,5.0,4.25,9.000012286540514
838,5.0,4.5,9.00000028461648
839,5.0,4.75,9.000005293767808
840,5.0,5.0,9.000002194763965
841,5.0,5.25,9.000005293767808
842,5.0,5.5,9.00000028461648
843,5.0,5.75,9.000012286540514
844,5.0,6.0,8.998998998999
845,5.0,6.25,8.998998998999
846,5.0,6.5,8.998998998999
847,5.0,6.75,8.998998998999
848,5.0,7.0,8.998998998999
849,5.0,7.25,8.99999196833942
850,5.0,7.5,9.000009745417294
851,5.0,7.75,9.000005680810354
852,5.0,8.0,9.000001370050652
853,5.0,8.25,9.000003038137162
854,5.0,8.5,9.000004419213035
855,5.0,8.75,9.000001836402005
856,5.0,9.0,9.000002194763965
857,5.0,9.25,9.000002194763965
858,5.0,9.5,9.000002194763965
859,5.0,9.75,9.000002194763965
860,5.0,10.0,9.000002194763965
861,5.25,0.0,9.000006086782948
862,5.25,0.25,9.000006086782948
863,5.25,0.5,9.000004419213035
864,5.25,0.75,9.000003038137162
865,5.25,1.0,9.000001370050652
866,5.25,1.25,9.00000573424566
867,5.25,1.5,9.00001166769552
868,5.25,1.75,8.999991222604852
869,5.25,2.0,8.998998998999
870,5.25,2.25,8.998998998999
871,5.25,2.5,8.998998998999
872,5.25,2.75,8.998998998999
873,5.25,3.0,8.998998998999
874,5.25,3.25,8.998998998999
875,5.25,3.5,8.998998998999
876,5.25,3.75,8.998998998999
877,5.25,4.0,8.998998998999
878,5.25,4.25,9.000012286540514
879,5.25,4.5,9.00000028461648
880,5.25,4.75,9.000005293767808
881,5.25,5.0,9.000006086782948
882,5.25,5.25,9.000005293767808
883,5.25,5.5,9.00000028461648
884,5.25,5.75,9.000012286540514
885,5.25,6.0,8.998998998999
886,5.25,6.25,8.998998998999
887,5.25,6.5,8.998998998999
888,5.25,6.75,8.998998998999
889,5.25,7.0,8.998998998999
890,5.25,7.25,8.99999196833942
891,5.25,7.5,9.000009745417294
892,5.25,7.75,9.000005680810354
893,5.25,8.0,9.000001370050652
894,5.25,8.25,9.000003038137162
895,5.25,8.5,9.000004419213035
896,5.25,8.75,9.000006086782948
897,5.25,9.0,9.000006086782948
898,5.25,9.25,9.000006086782948
899,5.25,9.5,9.000006086782948
900,5.25,9.75,9.000006086782948
901,5.25,10.0,9.000006086782948
902,5.5,0.0,9.000005125362412
903,5.5,0.25,9.000005125362412
904,5.5,0.5,9.000005125362412
905,5.5,0.75,9.000005125362412
906,5.5,1.0,9.000001370050652
907,5.5,1.25,9.00000573424566
908,5.5,1.5,9.00001166769552
909,5.5,1.75,8.999991222604852
910,5.5,2.0,8.998998998999
911,5.5,2.25,8.998998998999
912,5.5,2.5,8.998998998999
913,5.5,2.75,8.998998998999
914,5.5,3.0,8.998998998999
915,5.5,3.25,8.998998998999
916,5.5,3.5,8.998998998999
917,5.5,3.75,8.998998998999
918,5.5,4.0,8.998998998999
919,5.5,4.25,9.000012286540514
920,5.5,4.5,9.00000028461648
921,5.5,4.75,9.000005125362412
922,5.5,5.0,9.000005125362412
923,5.5,5.25,9.000005125362412
924,5.5,5.5,9.00000028461648
925,5.5,5.75,9.000012286540514
926,5.5,6.0,8.998998998999
927,5.5,6.25,8.998998998999
928,5.5,6.5,8.998998998999
929,5.5,6.75,8.998998998999
930,5.5,7.0,8.998998998999
931,5.5,7.25,8.99999196833942
932,5.5,7.5,9.000009745417294
933,5.5,7.75,9.000005680810354
934,5.5,8.0,9.000001370050652
935,5.5,8.25,9.000005125362412
936,5.5,8.5,9.000005125362412
937,5.5,8.75,9.000005125362412
938,5.5,9.0,9.000005125362412
939,5.5,9.25,9.000005125362412
940,5.5,9.5,9.000005125362412
941,5.5,9.75,9.000005125362412
942,5.5,10.0,9.000005125362412
943,5.75,0.0,9.000003431643258
944,5.75,0.25,9.000003431643258
945,5.75,0.5,9.000003431643258
946,5.75,0.75,9.000003431643258
947,5.75,1.0,9.000003431643258
948,5.75,1.25,9.000003418272357
949,5.75,1.5,9.00001166769552
950,5.75,1.75,8.999991222604852
951,5.75,2.0,8.998998998999
952,5.75,2.25,8.998998998999
953,5.75,2.5,8.998998998999
954,5.75,2.75,8.998998998999
955,5.75,3.0,8.998998998999
956,5.75,3.25,8.998998998999
957,5.75,3.5,8.998998998999
958,5.75,3.75,8.998998998999
959,5.75,4.0,8.998998998999
960,5.75,4.25,9.000012286540514
961,5.75,4.5,9.000003431643258
962,5.75,4.75,9.000003431643258
963,5.75,5.0,9.000003431643258
964,5.75,5.25,9.000003431643258
965,5.75,5.5,9.000003431643258
966,5.75,5.75,9.000012286540514
967,5.75,6.0,8.998998998999
968,5.75,6.25,8.998998998999
969,5.75,6.5,8.998998998999
970,5.75,6.75,8.998998998999
971,5.75,7.0,8.998998998999
972,5.75,7.25,8.99999196833942
973,5.75,7.5,9.000009745417294
974,5.75,7.75,9.000003431643258
975,5.75,8.0,9.000003431643258
976,5.75,8.25,9.000003431643258
977,5.75,8.5,9.000003431643258
978,5.75,8.75,9.000003431643258
979,5.75,9.0,9.000003431643258
980,5.75,9.25,9.000003431643258
981,5.75,9.5,9.000003431643258
982,5.75,9.75,9.000003431643258
983,5.75,10.0,9.000003431643258
984,6.0,0.0,8.998998998999
985,6.0,0.25,8.998998998999
986,6.0,0.5,8.998998998999
987,6.0,0.75,8.998998998999
988,6.0,1.0,8.998998998999
989,6.0,1.25,8.998998998999
990,6.0,1.5,8.998998998999
991,6.0,1.75,8.998998998999
992,6.0,2.0,8.998998998999
993,6.0,2.25,8.998998998999
994,6.0,2.5,8.998998998999
995,6.0,2.75,8.998998998999
996,6.0,3.0,8.998998998999
997,6.0,3.25,8.998998998999
998,6.0,3.5,8.998998998999
999,6.0,3.75,8.998998998999
1000,6.0,4.0,8.998998998999
1001,6.0,4.25,8.998998998999
1002,6.0,4.5,8.998998998999
1003,6.0,4.75,8.998998998999
1004,6.0,5.0,8.998998998999
1005,6.0,5.25,8.998998998999
1006,6.0,5.5,8.998998998999
1007,6.0,5.75,8.998998998999
1008,6.0,6.0,8.998998998999
1009,6.0,6.25,8.998998998999
1010,6.0,6.5,8.998998998999
1011,6.0,6.75,8.998998998999
1012,6.0,7.0,8.998998998999
1013,6.0,7.25,8.998998998999
1014,6.0,7.5,8.998998998999
1015,6.0,7.75,8.998998998999
1016,6.0,8.0,8.998998998999
1017,6.0,8.25,8.998998998999
1018,6.0,8.5,8.998998998999
1019,6.0,8.75,8.998998998999
1020,6.0,9.0,8.998998998999
1021,6.0,9.25,8.998998998999
1022,6.0,9.5,8.998998998999
1023,6.0,9.75,8.998998998999
1024,6.0,10.0,8.998998998999
1025,6.25,0.0,8.998998998999
1026,6.25,0.25,8.998998998999
1027,6.25,0.5,8.998998998999
1028,6.25,0.75,8.998998998999
1029,6.25,1.0,8.998998998999
1030,6.25,1.25,8.998998998999
1031,6.25,1.5,8.998998998999
1032,6.25,1.75,8.998998998999
1033,6.25,2.0,8.998998998999
1034,6.25,2.25,8.998998998999
1035,6.25,2.5,8.998998998999
1036,6.25,2.75,8.998998998999
1037,6.25,3.0,8.998998998999
1038,6.25,3.25,8.998998998999
1039,6.25,3.5,8.998998998999
1040,6.25,3.75,8.998998998999
1041,6.25,4.0,8.998998998999
1042,6.25,4.25,8.998998998999
1043,6.25,4.5,8.998998998999
1044,6.25,4.75,8.998998998999
1045,6.25,5.0,8.998998998999
1046,6.25,5.25,8.998998998999
1047,6.25,5.5,8.998998998999
1048,6.25,5.75,8.998998998999
1049,6.25,6.0,8.998998998999
1050,6.25,6.25,8.998998998999
1051,6.25,6.5,8.998998998999
1052,6.25,6.75,8.998998998999
1053,6.25,7.0,8.998998998999
1054,6.25,7.25,8.998998998999
1055,6.25,7.5,8.998998998999
1056,6.25,7.75,8.998998998999
1057,6.25,8.0,8.998998998999
1058,6.25,8.25,8.998998998999
1059,6.25,8.5,8.998998998999
1060,6.25,8.75,8.998998998999
1061,6.25,9.0,8.998998998999
1062,6.25,9.25,8.998998998999
1063,6.25,9.5,8.998998998999
1064,6.25,9.75,8.998998998999
1065,6.25,10.0,8.998998998999
1066,6.5,0.0,8.998998998999
1067,6.5,0.25,8.998998998999
1068,6.5,0.5,8.998998998999
1069,6.5,0.75,8.998998998999
1070,6.5,1.0,8.998998998999
1071,6.5,1.25,8.998998998999
1072,6.5,1.5,8.998998998999
1073,6.5,1.75,8.998998998999
1074,6.5,2.0,8.998998998999
1075,6.5,2.25,8.998998998999
1076,6.5,2.5,8.998998998999
1077,6.5,2.75,8.998998998999
1078,6.5,3.0,8.998998998999
1079,6.5,3.25,8.998998998999
1080,6.5,3.5,8.998998998999
1081,6.5,3.75,8.998998998999
1082,6.5,4.0,8.998998998999
1083,6.5,4.25,8.998998998999
1084,6.5,4.5,8.998998998999
1085,6.5,4.75,8.998998998999
1086,6.5,5.0,8.998998998999
1087,6.5,5.25,8.998998998999
1088,6.5,5.5,8.998998998999
1089,6.5,5.75,8.998998998999
1090,6.5,6.0,8.998998998999
1091,6.5,6.25,8.998998998999
1092,6.5,6.5,8.998998998999
1093,6.5,6.75,8.998998998999
1094,6.5,7.0,8.998998998999
1095,6.5,7.25,8.998998998999
1096,6.5,7.5,8.998998998999
1097,6.5,7.75,8.998998998999
1098,6.5,8.0,8.998998998999
1099,6.5,8.25,8.998998998999
1100,6.5,8.5,8.998998998999
1101,6.5,8.75,8.998998998999
1102,6.5,9.0,8.998998998999
1103,6.5,9.25,8.998998998999
1104,6.5,9.5,8.998998998999
1105,6.5,9.75,8.998998998999
1106,6.5,10.0,8.998998998999
1107,6.75,0.0,8.998998998999
1108,6.75,0.25,8.998998998999
1109,6.75,0.5,8.998998998999
1110,6.75,0.75,8.998998998999
1111,6.75,1.0,8.998998998999
1112,6.75,1.25,8.998998998999
1113,6.75,1.5,8.998998998999
1114,6.75,1.75,8.998998998999
1115,6.75,2.0,8.998998998999
1116,6.75,2.25,8.998998998999
1117,6.75,2.5,8.998998998999
1118,6.75,2.75,8.998998998999
1119,6.75,3.0,8.998998998999
1120,6.75,3.25,8.998998998999
1121,6.75,3.5,8.998998998999
1122,6.75,3.75,8.998998998999
1123,6.75,4.0,8.998998998999
1124,6.75,4.25,8.998998998999
1125,6.75,4.5,8.998998998999
1126,6.75,4.75,8.998998998999
1127,6.75,5.0,8.998998998999
1128,6.75,5.25,8.998998998999
1129,6.75,5.5,8.998998998999
1130,6.75,5.75,8.998998998999
1131,6.75,6.0,8.998998998999
1132,6.75,6.25,8.998998998999
1133,6.75,6.5,8.998998998999
1134,6.75,6.75,8.998998998999
1135,6.75,7.0,8.998998998999
1136,6.75,7.25,8.998998998999
1137,6.75,7.5,8.998998998999
1138,6.75,7.75,8.998998998999
1139,6.75,8.0,8.998998998999
1140,6.75,8.25,8.998998998999
1141,6.75,8.5,8.998998998999
1142,6.75,8.75,8.998998998999
1143,6.75,9.0,8.998998998999
1144,6.75,9.25,8.998998998999
1145,6.75,9.5,8.998998998999
1146,6.75,9.75,8.998998998999
1147,6.75,10.0,8.998998998999
1148,7.0,0.0,8.998998998999
1149,7.0,0.25,8.998998998999
1150,7.0,0.5,8.998998998999
1151,7.0,0.75,8.998998998999
1152,7.0,1.0,8.998998998999
1153,7.0,1.25,8.998998998999
1154,7.0,1.5,8.998998998999
1155,7.0,1.75,8.998998998999
1156,7.0,2.0,8.998998998999
1157,7.0,2.25,8.998998998999
1158,7.0,2.5,8.998998998999
1159,7.0,2.75,8.998998998999
1160,7.0,3.0,8.998998998999
1161,7.0,3.25,8.998998998999
1162,7.0,3.5,8.998998998999
1163,7.0,3.75,8.998998998999
1164,7.0,4.0,8.998998998999
1165,7.0,4.25,8.998998998999
1166,7.0,4.5,8.998998998999
1167,7.0,4.75,8.998998998999
1168,7.0,5.0,8.998998998999
1169,7.0,5.25,8.998998998999
1170,7.0,5.5,8.998998998999
1171,7.0,5.75,8.998998998999
1172,7.0,6.0,8.998998998999
1173,7.0,6.25,8.998998998999
1174,7.0,6.5,8.998998998999
1175,7.0,6.75,8.998998998999
1176,7.0,7.0,8.998998998999
1177,7.0,7.25,8.998998998999
1178,7.0,7.5,8.998998998999
1179,7.0,7.75,8.998998998999
1180,7.0,8.0,8.998998998999
1181,7.0,8.25,8.998998998999
1182,7.0,8.5,8.998998998999
1183,7.0,8.75,8.998998998999
1184,7.0,9.0,8.998998998999
1185,7.0,9.25,8.998998998999
1186,7.0,9.5,8.998998998999
1187,7.0,9.75,8.998998998999
1188,7.0,10.0,8.998998998999
1189,7.25,0.0,8.998998998999
1190,7.25,0.25,8.998998998999
1191,7.25,0.5,8.998998998999
1192,7.25,0.75,8.998998998999
1193,7.25,1.0,8.998998998999
1194,7.25,1.25,8.998998998999
1195,7.25,1.5,8.998998998999
1196,7.25,1.75,8.998998998999
1197,7.25,2.0,8.998998998999
1198,7.25,2.25,12.002002002002001
1199,7.25,2.5,12.002002002002001
1200,7.25,2.75,12.002002002002001
1201,7.25,3.0,12.002002002002001
1202,7.25,3.25,12.002002002002001
1203,7.25,3.5,12.002002002002001
1204,7.25,3.75,12.002002002002001
1205,7.25,4.0,12.002002002002001
1206,7.25,4.25,12.002002002002001
1207,7.25,4.5,12.002002002002001
1208,7.25,4.75,12.002002002002001
1209,7.25,5.0,12.002002002002001
1210,7.25,5.25,12.002002002002001
1211,7.25,5.5,12.002002002002001
1212,7.25,5.75,12.002002002002001
1213,7.25,6.0,12.002002002002001
1214,7.25,6.25,12.002002002002001
1215,7.25,6.5,12.002002002002001
1216,7.25,6.75,12.002002002002001
1217,7.25,7.0,12.002002002002001
1218,7.25,7.25,12.002002002002001
1219,7.25,7.5,12.002002002002001
1220,7.25,7.75,12.002002002002001
1221,7.25,8.0,12.002002002002001
1222,7.25,8.25,12.002002002002001
1223,7.25,8.5,12.002002002002001
1224,7.25,8.75,12.002002002002001
1225,7.25,9.0,12.002002002002001
1226,7.25,9.25,12.002002002002001
1227,7.25,9.5,12.002002002002001
1228,7.25,9.75,12.002002002002001
1229,7.25,10.0,12.002002002002001
1230,7.5,0.0,8.998998998999
1231,7.5,0.25,8.998998998999
1232,7.5,0.5,8.998998998999
1233,7.5,0.75,8.998998998999
1234,7.5,1.0,8.998998998999
1235,7.5,1.25,8.998998998999
1236,7.5,1.5,8.998998998999
1237,7.5,1.75,8.998998998999
1238,7.5,2.0,8.998998998999
1239,7.5,2.25,12.002002002002001
1240,7.5,2.5,12.002002002002001
1241,7.5,2.75,12.002002002002001
1242,7.5,3.0,12.002002002002001
1243,7.5,3.25,12.002002002002001
1244,7.5,3.5,12.002002002002001
1245,7.5,3.75,12.002002002002001
1246,7.5,4.0,12.002002002002001
1247,7.5,4.25,12.002002002002001
1248,7.5,4.5,12.002002002002001
1249,7.5,4.75,12.002002002002001
1250,7.5,5.0,12.002002002002001
1251,7.5,5.25,12.002002002002001
1252,7.5,5.5,12.002002002002001
1253,7.5,5.75,12.002002002002001
1254,7.5,6.0,12.002002002002001
1255,7.5,6.25,12.002002002002001
1256,7.5,6.5,12.002002002002001
1257,7.5,6.75,12.002002002002001
1258,7.5,7.0,12.002002002002001
1259,7.5,7.25,12.002002002002001
1260,7.5,7.5,12.002002002002001
1261,7.5,7.75,12.002002002002001
1262,7.5,8.0,12.002002002002001
1263,7.5,8.25,12.002002002002001
1264,7.5,8.5,12.002002002002001
1265,7.5,8.75,12.002002002002001
1266,7.5,9.0,12.002002002002001
1267,7.5,9.25,12.002002002002001
1268,7.5,9.5,12.002002002002001
1269,7.5,9.75,12.002002002002001
1270,7.5,10.0,12.002002002002001
1271,7.75,0.0,8.998998998999
1272,7.75,0.25,8.998998998999
1273,7.75,0.5,8.998998998999
1274,7.75,0.75,8.998998998999
1275,7.75,1.0,8.998998998999
1276,7.75,1.25,8.998998998999
1277,7.75,1.5,8.998998998999
1278,7.75,1.75,8.998998998999
1279,7.75,2.0,8.998998998999
1280,7.75,2.25,12.002002002002001
1281,7.75,2.5,12.002002002002001
1282,7.75,2.75,12.002002002002001
1283,7.75,3.0,12.002002002002001
1284,7.75,3.25,12.002002002002001
1285,7.75,3.5,12.002002002002001
1286,7.75,3.75,12.002002002002001
1287,7.75,4.0,12.002002002002001
1288,7.75,4.25,12.002002002002001
1289,7.75,4.5,12.002002002002001
1290,7.75,4.75,12.002002002002001
1291,7.75,5.0,12.002002002002001
1292,7.75,5.25,12.002002002002001
1293,7.75,5.5,12.002002002002001
1294,7.75,5.75,12.002002002002001
1295,7.75,6.0,12.002002002002001
1296,7.75,6.25,12.002002002002001
1297,7.75,6.5,12.002002002002001
1298,7.75,6.75,12.002002002002001
1299,7.75,7.0,12.002002002002001
1300,7.75,7.25,12.002002002002001
1301,7.75,7.5,12.002002002002001
1302,7.75,7.75,12.002002002002001
1303,7.75,8.0,12.002002002002001
1304,7.75,8.25,12.002002002002001
1305,7.75,8.5,12.002002002002001
1306,7.75,8.75,12.002002002002001
1307,7.75,9.0,12.002002002002001
1308,7.75,9.25,12.002002002002001
1309,7.75,9.5,12.002002002002001
1310,7.75,9.75,12.002002002002001
1311,7.75,10.0,12.002002002002001
1312,8.0,0.0,8.998998998999
1313,8.0,0.25,8.998998998999
1314,8.0,0.5,8.998998998999
1315,8.0,0.75,8.998998998999
1316,8.0,1.0,8.998998998999
1317,8.0,1.25,8.998998998999
1318,8.0,1.5,8.998998998999
1319,8.0,1.75,8.998998998999
1320,8.0,2.0,8.998998998999
1321,8.0,2.25,12.002002002002001
1322,8.0,2.5,12.002002002002001
1323,8.0,2.75,12.002002002002001
1324,8.0,3.0,12.002002002002001
1325,8.0,3.25,16.006006006006004
1326,8.0,3.5,16.006006006006004
1327,8.0,3.75,16.006006006006004
1328,8.0,4.0,16.006006006006004
1329,8.0,4.25,16.006006006006004
1330,8.0,4.5,16.006006006006004
1331,8.0,4.75,16.006006006006004
1332,8.0,5.0,16.006006006006004
1333,8.0,5.25,16.006006006006004
1334,8.0,5.5,16.006006006006004
1335,8.0,5.75,16.006006006006004
1336,8.0,6.0,16.006006006006004
1337,8.0,6.25,16.006006006006004
1338,8.0,6.5,16.006006006006004
1339,8.0,6.75,16.006006006006004
1340,8.0,7.0,16.006006006006004
1341,8.0,7.25,16.006006006006004
1342,8.0,7.5,16.006006006006004
1343,8.0,7.75,16.006006006006004
1344,8.0,8.0,16.006006006006004
1345,8.0,8.25,16.006006006006004
1346,8.0,8.5,16.006006006006004
1347,8.0,8.75,16.006006006006004
1348,8.0,9.0,16.006006006006004
1349,8.0,9.25,16.006006006006004
1350,8.0,9.5,16.006006006006004
1351,8.0,9.75,16.006006006006004
1352,8.0,10.0,16.006006006006004
1353,8.25,0.0,9.000009745417294
1354,8.25,0.25,9.000009745417294
1355,8.25,0.5,9.000009745417294
1356,8.25,0.75,9.000009745417294
1357,8.25,1.0,9.000009745417294
1358,8.25,1.25,9.000009727755993
1359,8.25,1.5,9.00001166769552
1360,8.25,1.75,8.999991222604852
1361,8.25,2.0,8.998998998999
1362,8.25,2.25,12.002002002002001
1363,8.25,2.5,12.002002002002001
1364,8.25,2.75,12.002002002002001
1365,8.25,3.0,12.002002002002001
1366,8.25,3.25,16.006006006006004
1367,8.25,3.5,16.006006006006004
1368,8.25,3.75,16.006006006006004
1369,8.25,4.0,16.006006006006004
1370,8.25,4.25,16.92774466235938
1371,8.25,4.5,16.946557805785456
1372,8.25,4.75,16.966345746794882
1373,8.25,5.0,16.986449643464027
1374,8.25,5.25,16.966345746794882
1375,8.25,5.5,16.946557805785456
1376,8.25,5.75,16.92774466235938
1377,8.25,6.0,16.006006006006004
1378,8.25,6.25,16.006006006006004
1379,8.25,6.5,16.006006006006004
1380,8.25,6.75,16.006006006006004
1381,8.25,7.0,16.006006006006004
1382,8.25,7.25,16.786901589434628
1383,8.25,7.5,16.92774466235938
1384,8.25,7.75,16.9563746453356
1385,8.25,8.0,16.986449643464027
1386,8.25,8.25,16.986449643464027
1387,8.25,8.5,16.986449643464027
1388,8.25,8.75,16.986449643464027
1389,8.25,9.0,16.986449643464027
1390,8.25,9.25,16.986449643464027
1391,8.25,9.5,16.986449643464027
1392,8.25,9.75,16.986449643464027
1393,8.25,10.0,16.986449643464027
1394,8.5,0.0,9.000001370050652
1395,8.5,0.25,9.000001370050652
1396,8.5,0.5,9.000001370050652
1397,8.5,0.75,9.000001370050652
1398,8.5,1.0,9.000001370050652
1399,8.5,1.25,9.00000573424566
1400,8.5,1.5,9.00001166769552
1401,8.5,1.75,8.999991222604852
1402,8.5,2.0,8.998998998999
1403,8.5,2.25,12.002002002002001
1404,8.5,2.5,12.002002002002001
1405,8.5,2.75,12.002002002002001
1406,8.5,3.0,12.002002002002001
1407,8.5,3.25,16.006006006006004
1408,8.5,3.5,16.006006006006004
1409,8.5,3.75,16.006006006006004
1410,8.5,4.0,16.006006006006004
1411,8.5,4.25,16.92957198787514
1412,8.5,4.5,17.09106069685179
1413,8.5,4.75,17.10674682388872
1414,8.5,5.0,17.123619380147524
1415,8.5,5.25,17.10674682388872
1416,8.5,5.5,17.09106069685179
1417,8.5,5.75,16.92957198787514
1418,8.5,6.0,16.006006006006004
1419,8.5,6.25,16.006006006006004
1420,8.5,6.5,16.006006006006004
1421,8.5,6.75,16.006006006006004
1422,8.5,7.0,16.006006006006004
1423,8.5,7.25,16.786901589434628
1424,8.5,7.5,16.92774466235938
1425,8.5,7.75,17.03331934986379
1426,8.5,8.0,17.123619380147524
1427,8.5,8.25,17.123619380147524
1428,8.5,8.5,17.123619380147524
1429,8.5,8.75,17.123619380147524
1430,8.5,9.0,17.123619380147524
1431,8.5,9.25,17.123619380147524
1432,8.5,9.5,17.123619380147524
1433,8.5,9.75,17.123619380147524
1434,8.5,10.0,17.123619380147524
1435,8.75,0.0,9.000004419213035
1436,8.75,0.25,9.000004419213035
1437,8.75,0.5,9.000004419213035
1438,8.75,0.75,9.000003038137162
1439,8.75,1.0,9.000001370050652
1440,8.75,1.25,9.00000573424566
1441,8.75,1.5,9.00001166769552
1442,8.75,1.75,8.999991222604852
1443,8.75,2.0,8.998998998999
1444,8.75,2.25,12.002002002002001
1445,8.75,2.5,12.002002002002001
1446,8.75,2.75,12.002002002002001
1447,8.75,3.0,12.002002002002001
1448,8.75,3.25,16.006006006006004
1449,8.75,3.5,16.006006006006004
1450,8.75,3.75,16.006006006006004
1451,8.75,4.0,16.006006006006004
1452,8.75,4.25,16.92957198787514
1453,8.75,4.5,17.093586927112305
1454,8.75,4.75,17.218693660150045
1455,8.75,5.0,17.2327530808088
1456,8.75,5.25,17.218693660150045
1457,8.75,5.5,17.093586927112305
1458,8.75,5.75,16.92957198787514
1459,8.75,6.0,16.006006006006004
1460,8.75,6.25,16.006006006006004
1461,8.75,6.5,16.006006006006004
1462,8.75,6.75,16.006006006006004
1463,8.75,7.0,16.006006006006004
1464,8.75,7.25,16.786901589434628
1465,8.75,7.5,16.92774466235938
1466,8.75,7.75,17.03331934986379
1467,8.75,8.0,17.123619380147524
1468,8.75,8.25,17.180247089754282
1469,8.75,8.5,17.2327530808088
1470,8.75,8.75,17.2327530808088
1471,8.75,9.0,17.2327530808088
1472,8.75,9.25,17.2327530808088
1473,8.75,9.5,17.2327530808088
1474,8.75,9.75,17.2327530808088
1475,8.75,10.0,17.2327530808088
1476,9.0,0.0,9.000004562003834
1477,9.0,0.25,9.000001836402005
1478,9.0,0.5,9.000004419213035
1479,9.0,0.75,9.000003038137162
1480,9.0,1.0,9.000001370050652
1481,9.0,1.25,9.00000573424566
1482,9.0,1.5,9.00001166769552
1483,9.0,1.75,8.999991222604852
1484,9.0,2.0,8.998998998999
1485,9.0,2.25,12.002002002002001
1486,9.0,2.5,12.002002002002001
1487,9.0,2.75,12.002002002002001
1488,9.0,3.0,12.002002002002001
1489,9.0,3.25,16.006006006006004
1490,9.0,3.5,16.006006006006004
1491,9.0,3.75,16.006006006006004
1492,9.0,4.0,16.006006006006004
1493,9.0,4.25,16.92957198787514
1494,9.0,4.5,17.093586927112305
1495,9.0,4.75,17.221842855736725
1496,9.0,5.0,17.32861164858414
1497,9.0,5.25,17.221842855736725
1498,9.0,5.5,17.093586927112305
1499,9.0,5.75,16.92957198787514
1500,9.0,6.0,16.006006006006004
1501,9.0,6.25,16.006006006006004
1502,9.0,6.5,16.006006006006004
1503,9.0,6.75,16.006006006006004
1504,9.0,7.0,16.006006006006004
1505,9.0,7.25,16.786901589434628
1506,9.0,7.5,16.92774466235938
1507,9.0,7.75,17.03331934986379
1508,9.0,8.0,17.123619380147524
1509,9.0,8.25,17.180247089754282
1510,9.0,8.5,17.2327530808088
1511,9.0,8.75,17.28209090594679
1512,9.0,9.0,17.32861164858414
1513,9.0,9.25,17.32861164858414
1514,9.0,9.5,17.32861164858414
1515,9.0,9.75,17.32861164858414
1516,9.0,10.0,17.32861164858414
1517,9.25,0.0,9.000004562003834
1518,9.25,0.25,9.000001836402005
1519,9.25,0.5,9.000004419213035
1520,9.25,0.75,9.000003038137162
1521,9.25,1.0,9.000001370050652
1522,9.25,1.25,9.00000573424566
1523,9.25,1.5,9.00001166769552
1524,9.25,1.75,8.999991222604852
1525,9.25,2.0,8.998998998999
1526,9.25,2.25,12.002002002002001
1527,9.25,2.5,12.002002002002001
1528,9.25,2.75,12.002002002002001
1529,9.25,3.0,12.002002002002001
1530,9.25,3.25,16.006006006006004
1531,9.25,3.5,16.006006006006004
1532,9.25,3.75,16.006006006006004
1533,9.25,4.0,16.006006006006004
1534,9.25,4.25,16.92957198787514
1535,9.25,4.5,17.093586927112305
1536,9.25,4.75,17.221842855736725
1537,9.25,5.0,17.32861164858414
1538,9.25,5.25,17.221842855736725
1539,9.25,5.5,17.093586927112305
1540,9.25,5.75,16.92957198787514
1541,9.25,6.0,16.006006006006004
1542,9.25,6.25,16.006006006006004
1543,9.25,6.5,16.006006006006004
1544,9.25,6.75,16.006006006006004
1545,9.25,7.0,16.006006006006004
1546,9.25,7.25,16.786901589434628
1547,9.25,7.5,16.92774466235938
1548,9.25,7.75,17.03331934986379
1549,9.25,8.0,17.123619380147524
1550,9.25,8.25,17.180247089754282
1551,9.25,8.5,17.2327530808088
1552,9.25,8.75,17.28209090594679
1553,9.25,9.0,17.32861164858414
1554,9.25,9.25,17.32861164858414
1555,9.25,9.5,17.32861164858414
1556,9.25,9.75,17.32861164858414
1557,9.25,10.0,17.32861164858414
1558,9.5,0.0,9.000004562003834
1559,9.5,0.25,9.000001836402005
1560,9.5,0.5,9.000004419213035
1561,9.5,0.75,9.000003038137162
1562,9.5,1.0,9.000001370050652
1563,9.5,1.25,9.00000573424566
1564,9.5,1.5,9.00001166769552
1565,9.5,1.75,8.999991222604852
1566,9.5,2.0,8.998998998999
1567,9.5,2.25,12.002002002002001
1568,9.5,2.5,12.002002002002001
1569,9.5,2.75,12.002002002002001
1570,9.5,3.0,12.002002002002001
1571,9.5,3.25,16.006006006006004
1572,9.5,3.5,16.006006006006004
1573,9.5,3.75,16.006006006006004
1574,9.5,4.0,16.006006006006004
1575,9.5,4.25,16.92957198787514
1576,9.5,4.5,17.093586927112305
1577,9.5,4.75,17.221842855736725
1578,9.5,5.0,17.32861164858414
1579,9.5,5.25,17.221842855736725
1580,9.5,5.5,17.093586927112305
1581,9.5,5.75,16.92957198787514
1582,9.5,6.0,16.006006006006004
1583,9.5,6.25,16.006006006006004
1584,9.5,6.5,16.006006006006004
1585,9.5,6.75,16.006006006006004
1586,9.5,7.0,16.006006006006004
1587,9.5,7.25,16.786901589434628
1588,9.5,7.5,16.92774466235938
1589,9.5,7.75,17.03331934986379
1590,9.5,8.0,17.123619380147524
1591,9.5,8.25,17.180247089754282
1592,9.5,8.5,17.2327530808088
1593,9.5,8.75,17.28209090594679
1594,9.5,9.0,17.32861164858414
1595,9.5,9.25,17.32861164858414
1596,9.5,9.5,17.32861164858414
1597,9.5,9.75,17.32861164858414
1598,9.5,10.0,17.32861164858414
1599,9.75,0.0,9.000004562003834
1600,9.75,0.25,9.000001836402005
1601,9.75,0.5,9.000004419213035
1602,9.75,0.75,9.000003038137162
1603,9.75,1.0,9.000001370050652
1604,9.75,1.25,9.00000573424566
1605,9.75,1.5,9.00001166769552
1606,9.75,1.75,8.999991222604852
1607,9.75,2.0,8.998998998999
1608,9.75,2.25,12.002002002002001
1609,9.75,2.5,12.002002002002001
1610,9.75,2.75,12.002002002002001
1611,9.75,3.0,12.002002002002001
1612,9.75,3.25,16.006006006006004
1613,9.75,3.5,16.006006006006004
1614,9.75,3.75,16.006006006006004
1615,9.75,4.0,16.006006006006004
1616,9.75,4.25,16.92957198787514
1617,9.75,4.5,17.093586927112305
1618,9.75,4.75,17.221842855736725
1619,9.75,5.0,17.32861164858414
1620,9.75,5.25,17.221842855736725
1621,9.75,5.5,17.093586927112305
1622,9.75,5.75,16.92957198787514
1623,9.75,6.0,16.006006006006004
1624,9.75,6.25,16.006006006006004
1625,9.75,6.5,16.006006006006004
1626,9.75,6.75,16.006006006006004
1627,9.75,7.0,16.006006006006004
1628,9.75,7.25,16.786901589434628
1629,9.75,7.5,16.92774466235938
1630,9.75,7.75,17.03331934986379
1631,9.75,8.0,17.123619380147524
1632,9.75,8.25,17.180247089754282
1633,9.75,8.5,17.2327530808088
1634,9.75,8.75,17.28209090594679
1635,9.75,9.0,17.32861164858414
1636,9.75,9.25,17.32861164858414
1637,9.75,9.5,17.32861164858414
1638,9.75,9.75,17.32861164858414
1639,9.75,10.0,17.32861164858414
1640,10.0,0.0,9.000004562003834
1641,10.0,0.25,9.000001836402005
1642,10.0,0.5,9.000004419213035
1643,10.0,0.75,9.000003038137162
1644,10.0,1.0,9.000001370050652
1645,10.0,1.25,9.00000573424566
1646,10.0,1.5,9.00001166769552
1647,10.0,1.75,8.999991222604852
1648,10.0,2.0,8.998998998999
1649,10.0,2.25,12.002002002002001
1650,10.0,2.5,12.002002002002001
1651,10.0,2.75,12.002002002002001
1652,10.0,3.0,12.002002002002001
1653,10.0,3.25,16.006006006006004
1654,10.0,3.5,16.006006006006004
1655,10.0,3.75,16.006006006006004
1656,10.0,4.0,16.006006006006004
1657,10.0,4.25,16.92957198787514
1658,10.0,4.5,17.093586927112305
1659,10.0,4.75,17.221842855736725
1660,10.0,5.0,17.32861164858414
1661,10.0,5.25,17.221842855736725
1662,10.0,5.5,17.093586927112305
1663,10.0,5.75,16.92957198787514
1664,10.0,6.0,16.006006006006004
1665,10.0,6.25,16.006006006006004
1666,10.0,6.5,16.006006006006004
1667,10.0,6.75,16.006006006006004
1668,10.0,7.0,16.006006006006004
1669,10.0,7.25,16.786901589434628
1670,10.0,7.5,16.92774466235938
1671,10.0,7.75,17.03331934986379
1672,10.0,8.0,17.123619380147524
1673,10.0,8.25,17.180247089754282
1674,10.0,8.5,17.2327530808088
1675,10.0,8.75,17.28209090594679
1676,10.0,9.0,17.32861164858414
1677,10.0,9.25,17.32861164858414
1678,10.0,9.5,17.32861164858414
1679,10.0,9.75,17.32861164858414
1680,10.0,10.0,17.32861164858414
